sequence_name,pos,peptide,n_flank,c_flank,sample_name,affinity,best_allele,affinity_percentile,processing_score,presentation_score
seq_ORF1_18,0,YYTSNPTTF,,,genotype_00,17.21750063268397,HLA-C*14:02,0.004875,0.9852786213159561,0.9920012723633386
seq_ORF1_24,0,YVDNSSLTI,,,genotype_00,14.1587531298304,HLA-C*05:01,0.005125,0.9857809022068977,0.9932876296045842
seq_ORF1_25,0,VPWDTIANY,,,genotype_00,17.28582007623644,HLA-B*35:19,0.006749999999999999,0.9731571599841118,0.9915827643889329
seq_ORF1_19,0,YYHTTDPSF,,,genotype_00,17.716310494614188,HLA-C*14:02,0.008625,0.9721350446343422,0.9913629442443377
seq2_ORF3a,0,YYQLYSTQL,,,genotype_00,17.906483003084322,HLA-C*14:02,0.00925,0.9950053170323372,0.9920281344871931
seq_ORF1_15,0,YLKLTDNVY,,,genotype_00,19.426170345758653,HLA-B*15:02,0.01175,0.9553058445453644,0.9899915849472027
seq_ORF1_28,0,YVWKSYVHV,,,genotype_00,11.936186371431898,HLA-A*02:06,0.012125,0.9890286698937416,0.9943044908587899
seq1_ORF3a,0,YLYALVYFL,,,genotype_00,11.515512042851178,HLA-A*02:11,0.01275,0.7448640950024128,0.9856541790230938
seq_ORF1_31,0,YVNTFSSTF,,,genotype_00,17.73813630277431,HLA-B*15:20,0.014125,0.9336894601583481,0.9899496145226363
seq3_ORF8c,0,YIDIGNYTV,,,genotype_00,15.49224561139703,HLA-C*05:01,0.01625,0.9933343008160591,0.9929422200167107
seq_ORF1_12,0,YLFDESGEF,,,genotype_00,18.101700731036605,HLA-B*15:20,0.018125,0.9908956959843636,0.99182054423001
seq_ORF1_5_1,0,YTERSEKSY,,,genotype_00,24.66734925207685,HLA-A*36:01,0.02,0.794142410159111,0.9768950400594462
seq2_EPc,0,YVYSRVKNL,,,genotype_00,19.454284266804684,HLA-C*12:03,0.02425,0.9784814417362213,0.9908474902799435
seq_ORF1_33_1,0,YTPSKLIEY,,,genotype_00,17.695156928954454,HLA-C*16:02,0.0285,0.8587494567036629,0.9865623217465125
seq10_Spc,0,YECDIPIGA,,,genotype_00,24.30052661100107,HLA-B*41:01,0.032125,0.9943186938762665,0.9895276763309079
seq_ORF1_11,0,YTVELGTEV,,,genotype_00,12.606559818938157,HLA-A*02:05,0.03325,0.9629551842808723,0.993377083662033
seq_ORF1_12,1,LFDESGEF,Y,,genotype_00,20.425130835828703,HLA-C*04:15,0.03687500000000001,0.8944828882813454,0.9867343105146992
seq1_NPc,0,QRNAPRITF,,,genotype_00,24.357367816396906,HLA-C*07:01,0.04700000000000002,0.9503241032361984,0.9875389501050706
seq_ORF1_22,0,YYKKDNSYF,,,genotype_00,21.893627052330864,HLA-C*14:02,0.05287500000000002,0.9668783098459244,0.9893682351143769
seq_ORF1_34,0,YYRSLPGVF,,,genotype_00,22.331876120615167,HLA-C*14:02,0.060625000000000026,0.9136035293340683,0.9866798228597203
seq1_ORF7p,0,YLCFLAFLL,,,genotype_00,15.147402506253401,HLA-A*02:04,0.060875000000000026,0.3193024918437004,0.9092016693136453
seq_ORF1_8,0,YAFASEAAR,,,genotype_00,21.662120294133206,HLA-A*68:01,0.06125000000000003,0.9885158240795135,0.9903221413882273
seq_ORF1_16,0,VVVNAANVY,,,genotype_00,23.574154568858955,HLA-B*15:02,0.06587500000000003,0.9521611928939819,0.9879794942278484
seq_ORF1_33_1,1,TPSKLIEY,Y,,genotype_00,24.50713187844093,HLA-B*35:19,0.07487500000000002,0.7830532118678093,0.9760218765049361
seq_ORF1_41,0,YQCAMRPNF,,,genotype_00,21.290195627832958,HLA-B*15:20,0.07575000000000001,0.8981103897094727,0.986433771565442
seq2_ORF3a,1,YQLYSTQL,Y,,genotype_00,30.846835956270514,HLA-B*52:01,0.07850000000000004,0.9847247004508972,0.9865814321486446
seq_ORF1_10,0,WLTNIFGTV,,,genotype_00,13.661413556501328,HLA-A*02:22,0.07962500000000003,0.9362398013472557,0.9921025530662272
seq_ORF1_6,0,YHNESGLKT,,,genotype_00,40.73624533398921,HLA-B*39:06,0.09525000000000006,0.8803436383605003,0.9743433216415158
seq8_Spc,0,YYVGYLQPR,,,genotype_00,25.607022797061177,HLA-A*33:03,0.09875000000000003,0.9963059276342392,0.9891167036930166
seq5_Spc,0,YSSANNCTF,,,genotype_00,24.493160844172458,HLA-B*57:03,0.10400000000000004,0.26897361874580383,0.8423764011593033
seq_ORF1_32,0,TPRDLGACI,,,genotype_00,27.497603402033704,HLA-B*42:01,0.11012500000000004,0.9698905423283577,0.9871519127759987
seq3_ORF3a,0,VVNPVMEPI,,,genotype_00,15.608060119515661,HLA-A*02:05,0.11537500000000005,0.7186846919357777,0.9792635529922358
seq_ORF1_27,0,YLKSPNFSK,,,genotype_00,26.06554117197961,HLA-A*74:01,0.11762500000000005,0.9868404120206833,0.988528409887909
seq_ORF1_2,0,VPHVGEIPV,,,genotype_00,28.0394557705552,HLA-B*42:01,0.12012500000000005,0.9772691279649734,0.9872997753138977
seq_ORF1_21,0,YLVQQESPF,,,genotype_00,23.370093811317012,HLA-B*15:20,0.12200000000000005,0.934813916683197,0.9872360111518034
seq_ORF1_26,0,YMPYFFTLL,,,genotype_00,15.621214922722697,HLA-A*02:02,0.12725000000000006,0.9016243889927864,0.9898174604728399
seq9_Spc,0,YRLFRKSNL,,,genotype_00,30.71602321565383,HLA-C*07:05,0.1310000000000001,0.988724909722805,0.986838409409385
seq_ORF1_13,0,YEYGTEDDY,,,genotype_00,30.85780138045337,HLA-B*44:45,0.13162500000000005,0.6352916024625301,0.9486745111707001
Seq1_MG,0,YYKLGASQR,,,genotype_00,27.108716523888706,HLA-A*33:03,0.13175000000000006,0.9924039617180824,0.9883793682731141
seq_ORF1_26,1,MPYFFTLL,Y,,genotype_00,64.09458539240856,HLA-B*51:01,0.13487500000000005,0.9067074730992317,0.9656571970003839
seq_ORF1_42,0,YSGVVTTVM,,,genotype_00,21.096628706462162,HLA-C*01:06,0.15262500000000007,0.7372429296374321,0.9748927836618508
seq_ORF1_5,0,YTRYVDNNF,,,genotype_00,26.824811210604548,HLA-B*57:03,0.15450000000000008,0.8672767020761967,0.9812636996693618
seq_ORF1_23,0,YKKPASREL,,,genotype_00,42.893345644120686,HLA-C*06:02,0.17087500000000005,0.9497430548071861,0.9794684225718109
seq_ORF1_35,0,VVAFNTLLF,,,genotype_00,35.5900787080413,HLA-B*15:17,0.17587500000000006,0.38937005400657654,0.8603245678841386
seq2_ORF8c,0,YVVDDPCPI,,,genotype_00,17.26579416717985,HLA-A*02:05,0.1762500000000001,0.87514378875494,0.9876644911682905
seq_ORF1_29,0,YIVDSVTVK,,,genotype_00,27.470533811337628,HLA-A*34:02,0.17687500000000006,0.9832749143242836,0.987816115566083
seq2_ORF8c,1,VVDDPCPI,Y,,genotype_00,29.42321083780251,HLA-C*05:01,0.18225000000000005,0.9353286176919937,0.9843984388179763
sec1_ORF6,0,VTIAEILLI,,,genotype_00,25.444897184937872,HLA-C*15:03,0.1917500000000001,0.983136348426342,0.9886062227594378
seq_ORF1_20,0,TTLKGVEAV,,,genotype_00,17.887136359233477,HLA-A*02:05,0.1940000000000001,0.904539167881012,0.9886533139163877
seq4_ORF8c,0,SLVVRCSFY,,,genotype_00,36.10579054215838,HLA-A*29:02,0.200875,0.8222186826169491,0.97111383763229
seq_ORF1_1,1,RDVLVRGF,V,,genotype_00,34.67430915903541,HLA-B*37:01,0.20125000000000007,0.9556308686733246,0.9833448003471618
seq_ORF1_42,0,YSGVVTTV,,M,genotype_00,25.98602671857294,HLA-C*15:03,0.20600000000000004,0.7153755910694599,0.9672853050155605
seq_ORF1_1,0,VRDVLVRGF,,,genotype_00,35.62882041624875,HLA-C*07:05,0.2076250000000001,0.739631574600935,0.9608606251945878
seq_ORF1_55,0,TLKNTVCTV,,,genotype_00,18.79022820439687,HLA-A*02:22,0.2237500000000001,0.902280367910862,0.9880442562553942
seq_ORF1_18,1,YTSNPTTF,Y,,genotype_00,26.41635021644491,HLA-C*16:02,0.23075000000000004,0.9374627470970154,0.9859272729105043
seq_ORF1_30,1,SQLMCQPI,Y,,genotype_00,43.446890488341026,HLA-B*52:01,0.2361250000000001,0.7465215213596821,0.9548163839960402
seq1_EPc,0,VLLFLAFVV,,,genotype_00,24.699056973342216,HLA-A*02:11,0.237,0.2692590095102787,0.8415318202372973
seq1_ORF_10,0,YINVFAFPF,,,genotype_00,28.049598092090374,HLA-B*15:20,0.2377500000000001,0.6638197116553783,0.9574979502991444
seq_ORF1_22,0,YYKKDNSY,,F,genotype_00,35.03091239271195,HLA-C*14:02,0.24875,0.6987210437655449,0.9549633927941847
seq6_Spc,0,VFKNIDGYF,,,genotype_00,34.929376859655385,HLA-C*14:02,0.24875,0.7854849472641945,0.9676902744151678
seq_ORF1_17,0,YIATNGPLK,,,genotype_00,30.537183815101407,HLA-A*34:02,0.25725000000000003,0.8539422452449799,0.9779029857444952
seq_ORF1_7,0,SEGLNDNLL,,,genotype_00,29.766824540015403,HLA-B*40:11,0.27875,0.32694121077656746,0.849527655466034
seq_ORF1_44,0,YYNTTKGGR,,,genotype_00,34.62310127338658,HLA-A*33:03,0.3033750000000001,0.9667086377739906,0.9840672722240913
seq6_NPc,0,YNVTQAFGR,,,genotype_00,36.19559567278901,HLA-A*33:03,0.33475000000000005,0.8731981888413429,0.9762063183392024
seq_ORF1_3,0,VLLRKNGNK,,,genotype_00,55.43346161266662,HLA-A*03:01,0.348375,0.7641606591641903,0.9479906397687761
seq2_EPc,1,VYSRVKNL,Y,,genotype_00,43.12098131810232,HLA-C*14:02,0.35200000000000004,0.867194689810276,0.9716458619744305
seq3_Spc,0,VTWFHAIHV,,,genotype_00,27.57458547949796,HLA-A*02:04,0.3570000000000001,0.9875179678201675,0.9879761773356688
seq_ORF1_34,1,YRSLPGVF,Y,,genotype_00,50.352055383660755,HLA-C*07:02,0.396,0.8152599707245827,0.9604801597286129
seq7_Spc,0,VDLPIGINI,,,genotype_00,47.76876680781852,HLA-B*37:01,0.4321250000000001,0.5338320061564445,0.8933946770336335
seq_ORF1_5_1,1,TERSEKSY,Y,,genotype_00,67.65228459662107,HLA-B*44:45,0.439125,0.4130968004465103,0.7921950227800307
seq7_NPc,0,QQTVTLLPA,,,genotype_00,111.60295411647473,HLA-B*39:06,0.4748749999999998,0.8438053652644157,0.930393138097613
seq2_Spc,0,YPDKVFRSS,,,genotype_00,99.29010288957112,HLA-B*56:02,0.4749999999999998,0.9221786186099052,0.9528773128160696
seq12_Spc,0,YIKWPWYIW,,,genotype_00,56.23471987814186,HLA-B*57:01,0.4911250000000002,0.3441851995885372,0.7739977004722146
seq1_Spc,0,TTRTQLPPA,,,genotype_00,146.85926768028014,HLA-A*30:01,0.4957499999999994,0.7478373572230339,0.8774508144171836
seq1_ORF7a,0,VQELYSPIF,,,genotype_00,38.27492658210155,HLA-B*15:20,0.5168750000000002,0.48145759478211403,0.8925288083436294
seq_ORF1_11,1,TVELGTEV,Y,,genotype_00,74.1895833986735,HLA-C*05:01,0.5252500000000001,0.8837920874357224,0.9575192280226127
seq_ORF1_40,0,VEGCMVQV,,T,genotype_00,49.52404589132572,HLA-B*49:01,0.525375,0.08412900939583778,0.578630534195985
seq_ORF1_37,1,REAACCHL,Y,,genotype_00,36.299235665221346,HLA-B*40:09,0.5487500000000001,0.6133322454988956,0.9361428074145097
seq_ORF1_9,0,YSLRLIDAM,,,genotype_00,40.301603524067296,HLA-C*16:01,0.584875,0.9393022581934929,0.9797560900417791
seq_ORF1_19,1,YHTTDPSF,Y,,genotype_00,347.03408193139745,HLA-B*38:01,0.6164999999999993,0.9666372165083885,0.8874573799805264
seq3_NPc,0,YYRRATRRI,,,genotype_00,188.5102150184651,HLA-A*24:02,0.6272499999999992,0.46719710156321526,0.6540582660172245
seq_ORF1_35,1,VAFNTLLF,V,,genotype_00,60.71826556865368,HLA-C*03:02,0.6335000000000002,0.5318150706589222,0.8703152567932821
seq_ORF1_7,0,SEGLNDNL,,L,genotype_00,46.57302103267712,HLA-B*40:04,0.64225,0.004777804017066956,0.5146305112769982
seq_ORF1_36,0,YWFFSNYL,,K,genotype_00,79.94937145764997,HLA-C*14:02,0.6642499999999998,0.4688838794827461,0.8036820003439652
seq_ORF1_40,0,VEGCMVQVT,,,genotype_00,50.03252312551106,HLA-B*41:01,0.6762500000000001,0.018398534506559372,0.5120900861496834
seq9_Spc,1,RLFRKSNL,Y,,genotype_00,216.69181233205347,HLA-B*08:01,0.697875,0.9898905903100967,0.9293921793608917
seq3_ORF8c,0,YIDIGNYT,,V,genotype_00,110.005763963069,HLA-C*05:01,0.7062500000000002,0.647996548563242,0.8620100208094039
seq1_ORF7a,1,QELYSPIF,V,,genotype_00,45.30490829970055,HLA-B*40:09,0.7561250000000004,0.6949888318777084,0.9432040588327893
seq_ORF1_24,1,VDNSSLTI,Y,,genotype_00,76.99271092469574,HLA-B*37:01,0.7647499999999999,0.34337151795625687,0.7205691429292772
seq_ORF1_16,1,VVNAANVY,V,,genotype_00,61.3573138935944,HLA-B*15:02,0.7846250000000003,0.8215167075395584,0.9542985547299089
seq11_Spc,0,YTSALLAGT,,,genotype_00,49.84099147511176,HLA-A*02:05,0.8768750000000001,0.34733524173498154,0.7943315785106487
seq_ORF1_37,0,YREAACCHL,,,genotype_00,93.26029818570886,HLA-C*07:02,0.914625,0.4708428829908371,0.7823990372298358
seq_ORF1_36,0,YWFFSNYLK,,,genotype_00,92.69831815653774,HLA-A*33:03,0.955375,0.729497067630291,0.9094463748278232
seq1_NPc,1,RNAPRITF,Q,,genotype_00,98.05165451927826,HLA-C*07:02,0.963125,0.8471899628639221,0.9382951014621794
seq_ORF1_5,1,TRYVDNNF,Y,,genotype_00,98.95980876108604,HLA-C*07:02,0.97375,0.8484790772199631,0.9381130959179473
seq3_ORF8c,1,IDIGNYTV,Y,,genotype_00,115.88273640841861,HLA-B*37:01,1.0036250000000002,0.7044040933251381,0.8816813017714434
seq1_ORF7a,0,VQELYSPI,,F,genotype_00,107.3281466887492,HLA-B*52:01,1.031875,0.031428154557943344,0.3585594777921131
seq_ORF1_29,1,IVDSVTVK,Y,,genotype_00,98.58830208025239,HLA-C*03:03,1.0991249999999997,0.9871862679719925,0.9633806988735408
seq_ORF1_25,1,PWDTIANY,V,,genotype_00,1663.6380786320146,HLA-A*01:02,1.1166249999999989,0.6283931471407413,0.3383554068265696
seq1_Spc,1,TRTQLPPA,T,,genotype_00,383.2641369841244,HLA-B*39:06,1.152625,0.848637081682682,0.8190927291317656
seq_ORF1_30,0,YSQLMCQPI,,,genotype_00,61.1978481912504,HLA-C*01:06,1.253125,0.4577273316681385,0.8325831015029755
seq6_Spc,0,VFKNIDGY,,F,genotype_00,420.99745108462236,HLA-A*29:02,1.292999999999999,0.7480510696768761,0.7367240935549757
seq3_ORF3a,1,VNPVMEPI,V,,genotype_00,158.4635826248894,HLA-B*52:01,1.4809999999999999,0.054246824234724045,0.30166623895550754
seq_ORF1_34,0,YYRSLPGV,,F,genotype_00,312.4782877263288,HLA-C*14:02,1.4891249999999987,0.7733746990561485,0.8014228918064764
sec1_ORF6,1,TIAEILLI,V,,genotype_00,170.21512180327846,HLA-B*52:01,1.5684999999999998,0.9629219397902489,0.9362197006590764
seq3_Spc,1,TWFHAIHV,V,,genotype_00,505.77390981015077,HLA-C*14:02,1.8389999999999984,0.9300272390246391,0.8297821243738897
seq6_NPc,1,NVTQAFGR,Y,,genotype_00,333.36591081158025,HLA-A*68:23,1.9075000000000004,0.829548791050911,0.8262598348465655
seq4_Spc,0,YHKNNKSWM,,,genotype_00,257.005915040394,HLA-C*07:02,1.9563750000000004,0.2776719033718109,0.40407212186750635
